1,bhushan,mandava,Bhushan,Bhushan,male,bhushanmandava02@gmail.com,9908125024,General Surgeon,Bhushan02,Accepted
2,Yeshwanth,C,Yeshwanth,Yeshwanth,male,chintalayeshwanthreddy@gmail.com,9573704949,Orthopedics,Yeshwanth,Accepted
3,Mahesh,Babu,1234,1234,male,mahesh@gmail.com,9874563214,Neurology,Mahesh,Accepted
4,Varsha,A,varsha,varsha,female,varsha@gmail.com,7647893144,Orthopedics,Varsha,Accepted
7,Ajay,C,ajay,ajay,male,190030324@kluniversity.in,9847561234,Orthopedics,Ajay,Accepted
8,Siva,K,siva,siva,male,190030766@kluniversity.in,9014904470,Orthopedics,Siva12,Accepted
10,venkat,Ch,venkat,venkat,male,190030319@kluniversity.in,8688671388,Neurology,Venkat,Accepted
